{"cameraMode":{"drawMode":0,"name":"Shaded","section":"Shading Mode"},"sceneLighting":true,"audioPlay":false,"sceneViewState":{"m_AlwaysRefresh":false,"showFog":true,"showSkybox":true,"showFlares":true,"showImageEffects":true,"showParticleSystems":true,"showVisualEffectGraphs":true,"m_FxEnabled":true},"in2DMode":false,"pivot":{"x":-2.7107043266296388,"y":-6.617288112640381,"z":5.1011643409729},"rotation":{"x":0.35676297545433047,"y":-0.002242407528683543,"z":0.0008538160473108292,"w":0.9341963529586792},"size":13.022601127624512,"orthographic":true}